chromosome	CUN_1_GFA_bp	CUNphKu_r1_FASTA_bp	CUN_1_match	CUN_2_GFA_bp	CUNphKi_r1_FASTA_bp	CUN_2_match
Chr1	31172422	31172422	exact	34509130	34509130	exact
Chr2	44176352	44176352	exact	33531197	33531197	exact
Chr3	53326480	53326480	exact	52129875	52129875	exact
Chr4	30368715	30368715	exact	29638591	29638591	exact
Chr5	39967663	39967663	exact	57719158	57719158	exact
Chr6	25937361	25937361	exact	33684896	33684896	exact
Chr7	46057184	46057184	exact	30751062	30751062	exact
Chr8	56813746	56813746	exact	31365525	31365525	exact
Chr9	29817104	29817104	exact	45179797	45179797	exact
