chromosome	file	bytes	sha256	CUN1_length
Chr1	ch1.fa.gz.152f441.cced927.c7b9bfa.smooth.final.gfa	102053281	1beb88ed26cdba1739920c38a5a0ea682d8782305f49867eb66665f8c11b6bab	29528841
Chr2	ch2.fa.gz.152f441.cced927.c7b9bfa.smooth.final.gfa	186293995	ccbd0bcdbffa7a7e20e2c63520a7b43388aa98db5e0704c28b880a6e6816b5da	31491454
Chr3	ch3.fa.gz.152f441.cced927.c7b9bfa.smooth.final.gfa	299293319	8c142ff67707a2ff700732c0925ec44b1d2335a96e13e2338e8fcae640138933	49877858
Chr4	ch4.fa.gz.152f441.cced927.c7b9bfa.smooth.final.gfa	85810536	7736130e27b6bb0484086d0ec9928491d209b71957f399b0dd9ee6b23041913a	30479789
Chr5	ch5.fa.gz.152f441.cced927.c7b9bfa.smooth.final.gfa	189672225	f5d22d9e3dd4edaa6d607c5163011971ada739521ef7cbaba61cd936f22e24ff	36161944
Chr6	ch6.fa.gz.152f441.cced927.c7b9bfa.smooth.final.gfa	120098577	f4792b1ea9553926e78bdd19b710adc7a99c292ab1e3bca7c0d986a3f520e14e	25484177
Chr7	ch7.fa.gz.152f441.cced927.c7b9bfa.smooth.final.gfa	177515445	f6085530f1adb1f7812a369ac8b529e6cbf003e3ca67701338b589f6fc85c151	31468808
Chr8	ch8.fa.gz.152f441.cced927.c7b9bfa.smooth.final.gfa	160097699	b14bce823217da6038b2806ecfc3ff5bd77ae4602a5ea1c283499c935c7107d2	35556581
Chr9	ch9.fa.gz.152f441.cced927.c7b9bfa.smooth.final.gfa	161109213	f13311c1ea9be63c82c9c455b8608d270cc5a634ff69e96ccfb991b9b7d806f0	30387132
